Merk,Uitvoering,Type
BMW,0AL50000,Benzine
OPEL,ZKXZ-Y0L000,Benzine
OPEL,ZKWZ-F0V001,Benzine
VOLKSWAGEN,FA1FA1MD001E0GAON1ML1BVR0NA,Benzine
VOLKSWAGEN,FA1FA1CZ0020GAVR0N1EVW1B14O,Elektrisch
OPEL,ZKWZ-Y0R000,Benzine
PORSCHE,2500000,Benzine
AUDI,QE1QE1G1Z08RT011A200GAAEM0,Benzine
VOLKSWAGEN,D0M1ASA,Diesel
MERCEDES-BENZ,ZZAAA50A,Benzine
BMW,0AA50800,Benzine
MERCEDES-BENZ,ZZAAA70A,Benzine
OPEL,A1EA5AA1,Benzine
BMW,0AB50900,Benzine
MERCEDES-BENZ,ZZAAA52A,Benzine
MERCEDES-BENZ,ZZAA051A,Benzine
MERCEDES-BENZ,ZZAL051B,Benzine
MERCEDES-BENZ,3EDE0XX8XXXX,Benzine
AUDI,QE1QE1G1Z03RT011A210GAAEM0O,Benzine
OPEL,ZKWZ-G0V000,Benzine
AUDI,QE1QE1G1Z01RT11B210GAAEM0,Benzine
BMW I,0AW40000,Elektrisch
PORSCHE,1051000,Benzine
AUDI,,Benzine
AUDI,QE1QE1G1Z01RT11B200GAAEM0,Benzine
MERCEDES-BENZ,ZZAAA53A,Benzine
BMW,0AW50000,Benzine
VOLKSWAGEN,BPE1MH00200A,Benzine
PORSCHE,1041000,Benzine
VOLKSWAGEN,FA1FA1CZ0020GAVR0N1EVW1B16O,Elektrisch
MERCEDES-BENZ,ZZAC050A,Benzine
BMW,0AB50000,Benzine
AUDI,QE1QE1G1Z08RT011A190GAAEM0,Benzine
OPEL,ZKXZ-X0A000,Benzine
MERCEDES-BENZ,,Benzine
VOLKSWAGEN,,Benzine
MERCEDES-BENZ,2EDE0XX6XXXX,Benzine
VOLKSWAGEN,FA1FA1MD001E0GAON1ML01VR0N,Benzine
BMW,,Benzine
PORSCHE,1050000,Benzine
VOLKSWAGEN,FA1FA1MD001E0GAON1ML1AVR0NA,Benzine
MERCEDES-BENZ,ZZAA05BA,Benzine
MERCEDES-BENZ,3EDE0XX7XXXX,Benzine
AUDI,HE1HE1G1Z02RT011A200GAAEM0FSC,Benzine
AUDI,QE1QE1G1Z01RT31B210GAAEM0,Benzine
AUDI,HE1HE1G1Z03RT011A200GAAEM1,Benzine
VOLKSWAGEN,RPE1MH002P0A,Benzine
AUDI,HE1HE1G1Z02RT011A190GAAEM0FSC,Benzine
AUDI,HE1HE1G1Z02RT011A190GAAEM0FLS,Benzine
VOLKSWAGEN,L3340APE1MP002A75,Benzine
AUDI,HE1HE1G1Z02RT011B210GAAEM0FSC,Benzine
AUDI,HE1HE1G1Z02RT051B210GAAEM0FLC,Benzine
OPEL,ZYAZ-E0D000,Benzine
AUDI,QE1QE1G1Z05RT021B210GAAEM0FLC,Benzine
AUDI,HE1HE1G1Z02RT051B210GAAEM0FLS,Benzine
AUDI,HE1HE1G1Z02RT051B200GAAEM0FSS,Benzine
VOLKSWAGEN,OPE1MP001SA,Benzine
AUDI,QE1QE1G1Z05RT011A200GAAEM0FLC,Benzine
AUDI,QE1QE1G1Z08RT021A200GAAEM0,Benzine
AUDI,HE1HE1G1Z02RT011B210GAAEM0FLC,Benzine
BMW,0AA50000,Benzine
MERCEDES-BENZ,ZZAM05IA,Benzine
VOLKSWAGEN,QPE1MH002P0A,Benzine
VOLKSWAGEN,DPE1MH002P0A,Diesel
AUDI,QE1QE1G1Z05RT051B210GAAEM0FLC,Benzine
AUDI,HE1HE1G1Z02RT051B200GAAEM0FLS,Benzine
PORSCHE,1141000,Benzine
VOLKSWAGEN,PPE1MP001NA,Benzine
AUDI,HE1HE1G1Z02RT011A180GAAEM0FSC,Benzine
VOLKSWAGEN,APE1MP001BA,Benzine
VOLKSWAGEN,C0O51AA,Benzine
AUDI,HE1HE1G1Z02RT051B210GAAEM0FSC,Benzine
BMW,0AW50900,Benzine
PORSCHE,1151000,Benzine
AUDI,HE1HE1G1Z02RT051B210GAAEM0FSS,Benzine
OPEL,ZKXZ-40B000,Benzine
AUDI,QE1QE1G1Z01RT31B200GAAEM1,Benzine
AUDI,HE1HE1G1Z01RT011A190GAAEM1O,Benzine
OPEL,ZKXZ-X0C000,Benzine
AUDI,HE1HE1G1Z02RT061B200GAAEM0FSC,Benzine
VOLKSWAGEN,OPE1MH0020M1ALA,Benzine
AUDI,QE1QE1G1Z01RT11B210GAAEM1,Benzine
VOLKSWAGEN,BPE1MH0020O1ANA,Benzine
AUDI,HE1HE1G1Z01RT011A200GAAEM1O,Benzine
VOLKSWAGEN,DPE1MH0020O1ASA,Diesel
AUDI,HE1HE1G1Z01RT011A190GAAEM1M,Benzine
MERCEDES-BENZ,ZZAL050B,Benzine
AUDI,HE1HE1G1Z01RT011A190GAAEM0O,Benzine
MERCEDES-BENZ,ZZAB050A,Benzine
BMW,0AW5000S,Benzine
BMW,0AL5A000,Benzine
BMW,0AB50800,Benzine
AUDI,QE1QE1G1Z01RT11C210GABEM0,Benzine
AUDI,QE1QE1G1Z02RT61C210GAAEM0,Benzine
MERCEDES-BENZ,ZZAL050C,Benzine
VOLKSWAGEN,FA1FA1MD001E0GAON1ML02VR0N0,Benzine
BMW,0AA5A000,Benzine
BMW,0AH5A00B,Benzine
VOLKSWAGEN,OPE1MH0020O1ASA,Benzine
AUDI,HE1HE1G1Z01RT011A200GAAEM1M,Benzine
OPEL,ZKWZ-G0V001,Benzine
BMW I,0A240000,Elektrisch
VOLKSWAGEN,DAE2G1Z02SA,Diesel
AUDI,HE1HE1G1Z01RT011A200GAAEM0O,Benzine
AUDI,HE1HE1G1Z01RT011A200GAAEM0M,Benzine
VOLKSWAGEN,D0O51AA,Diesel
VOLKSWAGEN,D0M51AA,Diesel
AUDI,QE1QE1G1Z08RT021A210GAAEM0,Benzine
VOLKSWAGEN,L3400AAEBG1Z01A65,Benzine
VOLKSWAGEN,N3000QPE1MP002A55,Benzine
MERCEDES-BENZ,ZZAAA51A,Benzine
BMW I,0AW4000S,Elektrisch
VOLKSWAGEN,D0O1ASA,Diesel
BMW,0AL5A00B,Benzine
AUDI,HE1HE1G1Z01RT011A190GAAEM0M,Benzine
VOLKSWAGEN,OPE1MH00201ASA,Benzine
BMW,0AH5A800,Benzine
OPEL,ZKZX-B0E000,Benzine
AUDI,HE1HE1G1Z01RT011A210GAAEM0O,Benzine
BMW,0AB5A000,Benzine
VOLKSWAGEN,DPE1MP001SA,Diesel
VOLKSWAGEN,APE1MP001NA,Benzine
BMW,0AL50800,Benzine
VOLKSWAGEN,OPE1MH0020M1ASA,Benzine
AUDI,QE2QE2G1X01RT011B210GAAEM0FS,Benzine
AUDI,HE1HE1G1Z01RT011A210GAAEM0M,Benzine
AUDI,HE1HE1G1Z01RT021A210GAAEM1M,Benzine
AUDI,HE1HE1G1Z01RT021A200GAAEM1M,Benzine
AUDI,QE1QE1G1Z01RT11B200GAAEM1,Benzine
VOLKSWAGEN,B0M1ANA,Benzine
VOLKSWAGEN,OPE1MH0020O1ALA,Benzine
BMW,0AC50800,Benzine
BMW,0AC50000,Benzine
MERCEDES-BENZ,ZZAA050A,Benzine
AUDI,HE1HE1G1Z02RT051B200GAAEM0FSC,Benzine
MERCEDES-BENZ,2EDE0XX7XXXX,Benzine
AUDI,HE1HE1G1Z01RT011A200GAAEM1,Benzine
MERCEDES-BENZ,2EDE0XX8XXXX,Benzine
VOLKSWAGEN,D0M41AA,Diesel
MERCEDES-BENZ,ZZAM070C,Benzine
AUDI,HE1HE1G1Z01RT021A190GAAEM1O,Benzine
VOLKSWAGEN,C051AA,Benzine
AUDI,HE1HE1G1Z02RT011A190GAAEM0FLC,Benzine
MERCEDES-BENZ,ZZAA050B,Benzine
AUDI,HE1HE1G1Z01RT011A190GAAEM0,Benzine
AUDI,HE1HE1G1Z01RT011A190GAAEM1,Benzine
AUDI,QE1QE1G1Z01RT31B210GAAEM1,Benzine
AUDI,QE2QE2G1X01RT011B200GAAEM0FS,Benzine
AUDI,QE1QE1G1Z03RT011A200GAAEM0M,Benzine
MERCEDES-BENZ,ZZAM070B,Benzine
VOLKSWAGEN,DPE1MH0020M1ASA,Diesel
AUDI,HE1HE1G1Z02RT051B200GAAEM0FLC,Benzine
BMW,0AC50700,Benzine
AUDI,QE2QE2G1X01RT021B200GAAEM0FL,Benzine
AUDI,HE1HE1G1Z01RT021A200GAAEM1O,Benzine
VOLKSWAGEN,A0O51AA,Benzine
AUDI,QE1QE1G1Z01RT31C210GABEM0U,Benzine
MERCEDES-BENZ,ZZAM050A,Benzine
AUDI,QE1QE1G1Z03RT011A200GAAEM0,Benzine
MERCEDES-BENZ,ZZBCB50X,Benzine
OPEL,ZKUZ-37A0GN,Benzine
AUDI,HE1HE1G1Z01RT021A190GAAEM0,Benzine
VOLKSWAGEN,L3125APE1MP002A55,Benzine
BMW,0AH5A000,Benzine
OPEL,ZKXZ-40C000,Benzine
OPEL,ZKXZ-40L000,Benzine
AUDI,QE2QE2G1X01RT011B210GAAEM0FL,Benzine
OPEL,ZKUZ-37B0GL,Benzine
AUDI,QE1QE1G1Z08RT021A190GAAEM0,Benzine
MERCEDES-BENZ,ZZAM050B,Benzine
VOLKSWAGEN,C0M51BA,Benzine
MERCEDES-BENZ,ZZAAA71A,Benzine
MERCEDES-BENZ,ZZAM05KA,Benzine
AUDI,HE1HE1G1Z01RT021A200GAAEM1,Benzine
AUDI,QE2QE2G1X01RT021B210GAAEM0FL,Benzine
BMW,0AD5A80D,Benzine
BMW,0AH50000,Benzine
MERCEDES-BENZ,ZZAAA74A,Benzine
AUDI,QE1QE1G1Z03RT011A190GAAEM0M,Benzine
AUDI,HE1HE1G1Z01RT021A210GAAEM1,Benzine
AUDI,HE1HE1G1Z01RT021A190GAAEM1,Benzine
VOLKSWAGEN,N3000DNA1AE55,Benzine
MERCEDES-BENZ,ZZAM052B,Benzine
BMW I,0A040000,Elektrisch
AUDI,HE1HE1G1Z01RT021A210GAAEM0,Benzine
AUDI,HE1HE1G1Z01RT011A210GAAEM1,Benzine
AUDI,HE1HE1G1Z01RT011A200GAAEM0,Benzine
OPEL,ZKXZ-X0L000,Benzine
VOLKSWAGEN,FA1FA1MD001E0GAON1ML01VR0,Benzine
OPEL,ZKWZ-Y0L000,Benzine
VOLKSWAGEN,C0M51AA,Benzine
BMW I,0A140000,Elektrisch
VOLKSWAGEN,C0O51BA,Benzine
AUDI,QE1QE1G1Z01RT11A190GAAEM0U,Benzine
VOLKSWAGEN,A051AA,Benzine
AUDI,QE1QE1G1Z01RT31B200GAAEM0,Benzine
VOLKSWAGEN,FA1FA1CZ0020GAVR0N1EVW,Elektrisch
OPEL,ZKXZ-X0J000,Benzine
OPEL,ZKXZ-40J000,Benzine
PORSCHE,1140000,Benzine
AUDI,QE1QE1G1Z01RT11B200GAAEM0U,Benzine
AUDI,QE1QE1G1Z03RT011A210GAAEM0M,Benzine
AUDI,QE1QE1G1Z01RT11C210GABEM0U,Benzine
BMW,0AW50700,Benzine
AUDI,QE1QE1G1Z01RT11A190GAAEM0,Benzine
AUDI,QE1QE1G1Z03RT011A190GAAEM0O,Benzine
VW,D0O51AA,Diesel
VOLKSWAGEN,DAE1G1Z010M1ASA,Diesel
AUDI,QE1QE1G1Z01RT11A190GAAEM1,Benzine
AUDI,QE1QE1G1Z01RT11B200GAAEM00,Benzine
AUDI,HE1HE1G1Z01RT021A200GAAEM0,Benzine
AUDI,HE1HE1G1Z01RT021A200GAAEM0O,Benzine
MERCEDES-BENZ,3EDE0XX9XXXX,Benzine
VOLKSWAGEN,FA1FA1CZ0020GAVR0N1EVW1B15O,Elektrisch
MERCEDES-BENZ,ZZAA050E,Benzine
AUDI,QE2QE2G1X01RT011B200GAAEM0FL,Benzine
VOLKSWAGEN,D0M1BSA,Diesel
VOLKSWAGEN,FA1FA1MD001E0GAON1ML02VR0N,Benzine
MERCEDES-BENZ,2EDE0XX9XXXX,Benzine
AUDI,HE1HE1G1Z01RT021A200GAAEM0M,Benzine
AUDI,HE1HE1G1Z01RT021A190GAAEM0M,Benzine
BMW,0AW50800,Benzine
AUDI,QE1QE1G1Z03RT021A210GAAEM0O,Benzine
VOLKSWAGEN,D0O1BSA,Diesel
VOLKSWAGEN,FA1FA1CZ0020GAVR0N1EVW63,Elektrisch
VOLKSWAGEN,FA1FA1CZ003E0GAON1ML01VR0,Benzine
AUDI,QE1QE1G1Z01RT11B200GABEM0,Benzine
MERCEDES-BENZ,ZZBA0501,Benzine
PORSCHE,2520000,Benzine
VOLKSWAGEN,OPE1MH0020O1BSA,Benzine
AUDI,QE1QE1G1Z03RT021A190GAAEM0,Benzine
VOLKSWAGEN,FA1FA1CZ0020GAVR0EVW1B14O,Elektrisch
MERCEDES-BENZ,ZZAL050A,Benzine
BMW,0AD50000,Benzine
VOLKSWAGEN,D051AA,Diesel
OPEL,,Benzine
AUDI,QE1QE1G1Z01RT31C210GAAEM0U,Benzine
AUDI,QE1QE1G1Z02RT41C210GAAEM0V,Benzine
VOLKSWAGEN,DAE1G1Z010O1ASA,Diesel
VOLKSWAGEN,FM6FM6AJ008N0GGN1,Benzine
AUDI,HE1HE1G1Z01RT011A210GAAEM1M,Benzine
AUDI,QE1QE1G1Z03RT011A210GAAEM0,Benzine
AUDI,QE1QE1G1Z03RT021A210GAAEM0M,Benzine
VOLKSWAGEN,DAE1G1Z0101ASA,Diesel
VOLKSWAGEN,BPE1MH00201ASA,Benzine
AUDI,QE1QE1G1Z02RT51B200GAAEM0,Benzine
BMW,0AA50900,Benzine
AUDI,QE1QE1G1Z01RT31B200GAAEM0U,Benzine
VOLKSWAGEN,BPE1MH00201ANA,Benzine
BMW,0AW5070B,Benzine
AUDI,HE1HE1G1Z03RT021A190GAAEM1,Benzine
MERCEDES-BENZ,ZZAB051C,Benzine
VOLKSWAGEN,PPE1MP0011AA,Benzine
AUDI,HE1HE1G1Z03RT011A190GAAEM1,Benzine
VOLKSWAGEN,OPE1MP00101ASA,Benzine
AUDI,HE1HE1G1Z03RT021A200GAAEM1,Benzine
AUDI,QE1QE1G1Z01RT11A210GAAEM0,Benzine
VOLKSWAGEN,PAE2G1Z0201ASA,Benzine
VOLKSWAGEN,DAE2G1Z0201ASA,Diesel
MERCEDES-BENZ,ZZAB050C,Benzine
MERCEDES-BENZ,3EDF0XX7XXLX,Benzine
AUDI,QE1QE1G1Z01RT11C220GABEM0,Benzine
MERCEDES-BENZ,ZZAAA51B,Benzine
AUDI,QE1QE1G1Z03RT021A210GAAEM0,Benzine
MERCEDES-BENZ,ZZAN050E,Benzine
BMW,0AH50800,Benzine
OPEL,ZKXZ-P7800N,Benzine
BMW,0AW5000B,Benzine
VOLKSWAGEN,FA1FA1MD001E0GAON1ML01VR0N0,Benzine
AUDI,QE1QE1G1Z01RT31B210GAAEM00,Benzine
VOLKSWAGEN,FA1FA1CZ0020GAVR0N1EVW1BO,Elektrisch
MERCEDES-BENZ,ZZBA0502,Benzine
AUDI,HE1HE1G1Z02RT011A190GAAEM0FSS,Benzine
MERCEDES-BENZ,3EDE0XX7XXLX,Benzine
MERCEDES-BENZ,ZZAB051B,Benzine
MERCEDES-BENZ,ZZAA051B,Benzine
BMW I,,Elektrisch
BMW,0AW5000C,Benzine
AUDI,QE1QE1G1Z08RT011A210GAAEM0,Benzine
AUDI,QE1QE1G1Z01RT31C220GABEM0,Benzine
MERCEDES-BENZ,ZZAM070A,Benzine
AUDI,QE1QE1G1Z05RT011B210GAAEM0FLC,Benzine
MERCEDES-BENZ,ZZAB050B,Benzine
OPEL,ZKXZ-Y0J000,Benzine
MERCEDES-BENZ,ZZBZ0502,Benzine
VOLKSWAGEN,BPE1MH00201BSA,Benzine
AUDI,HE1HE1G1Z01RT011B190GAAEM0,Benzine
VOLKSWAGEN,BPE1MH0020O1ASA,Benzine
AUDI,HE1HE1G1Z01RT021A190GAAEM1M,Benzine
PORSCHE,2521000,Benzine
VOLKSWAGEN,C051BA,Benzine
AUDI,QE1QE1G1Z01RT31A190GAAEM1,Benzine
VOLKSWAGEN,RPE1MH002PA,Benzine
AUDI,HE1HE1G1Z01RT021A190GAAEM0O,Benzine
VOLKSWAGEN,A0M51AA,Benzine
AUDI,HE1HE1G1Z02RT011B200GAAEM0FLS,Benzine
AUDI,QE2QE2G1X02RT041B210GAAEM0FL,Benzine
AUDI,QE1QE1G1Z02RT51C220GAAEM0,Benzine
OPEL,ZKWZ-F0V000,Benzine
VOLKSWAGEN,FA1FA1CZ0020GAVR0N1EVW1B,Elektrisch
VOLKSWAGEN,DPE1MH002PA,Diesel
MERCEDES-BENZ,1ZAA050A,Benzine
VOLKSWAGEN,BPE1MH002SA,Benzine
AUDI,HE1HE1G1Z02RT011A200GAAEM0FLC,Benzine
OPEL,ZKWZ-50V000,Benzine
MERCEDES-BENZ,ZZAM051A,Benzine
VOLKSWAGEN,BPE1MH0020A,Benzine
AUDI,QE1QE1G1Z01RT31C210GAAEM0,Benzine
VOLKSWAGEN,PPE1MP001SA,Benzine
AUDI,HE1HE1G1Z02RT061B210GAAEM0FLS,Benzine
AUDI,QE1QE1G1Z05RT041B210GAAEM0FLC,Benzine
MERCEDES-BENZ,ZZAA070A,Benzine
BMW,0AL5A800,Benzine
VOLKSWAGEN,AAEDG1Z01NA,Benzine
VOLKSWAGEN,B0O1ANA,Benzine
BMW,0AW5A70B,Benzine
AUDI,QE2QE2G1X01RT031B210GAAEM0FL,Benzine
VOLKSWAGEN,OPE1MH00201BSA,Benzine
BMW,0AH5080D,Benzine
PORSCHE,2520001,Benzine
BMW,0AW5A700,Benzine
BMW,0AW5A00B,Benzine
AUDI,HE1HE1G1Z02RT061B200GAAEM0FLS,Benzine
MERCEDES-BENZ,ZZAB051A,Benzine
BMW,0AH5000B,Benzine
AUDI,QE1QE1G1Z01RT31C220GAAEM0,Benzine
AUDI,QE1QE1G1Z03RT021A190GAAEM0M,Benzine
VOLKSWAGEN,BPE1MH0020M1ANA,Benzine
AUDI,QE1QE1G1Z02RT51C220GAAEM1,Benzine
VOLKSWAGEN,OPE1MH0020M1BSA,Benzine
PORSCHE,1040000,Benzine
MERCEDES-BENZ,ZZAC050E,Benzine
AUDI,HE1HE1G1Z01RT011A210GAAEM1O,Benzine
MERCEDES-BENZ,ZZAR056E,Benzine
AUDI,QE1QE1G1Z05RT011A200GAAEM0FSC,Benzine
MERCEDES-BENZ,ZZAA050C,Benzine
AUDI,QE1QE1G1Z02RT61C220GAAEM0,Benzine
VOLKSWAGEN,A0O51BA,Benzine
MERCEDES-BENZ,2EDE0XX6XXLX,Benzine
OPEL,ZKXZ-A7U000,Benzine
AUDI,QE1QE1G1Z01RT11C220GABEM00,Benzine
MERCEDES-BENZ,ZZAM050C,Benzine
AUDI,QE2QE2G1X02RT051A210GAAEM0FL,Benzine
BMW,0AW5000A,Benzine
MERCEDES-BENZ,ZZBCB501,Benzine
VOLKSWAGEN,FA1FA1CZ0020GAVR0EVW1B15O,Elektrisch
VOLKSWAGEN,QPE1MP00100A,Benzine
MERCEDES-BENZ,ZZAAA50B,Benzine
BMW,0AD5A000,Benzine
AUDI,QE1QE1G1Z05RT051B210GAAEM0FSC,Benzine
AUDI,HE1HE1G1Z01RT021B190GAAEM1O,Benzine
MERCEDES-BENZ,ZZAA052B,Benzine
BMW,0AW5080B,Benzine
MERCEDES-BENZ,ZZAM05NA,Benzine
AUDI,QE1QE1G1Z05RT011B200GAAEM0FLC,Benzine
BMW,0AB5000D,Benzine
MERCEDES-BENZ,2EDF0XX7XXLX,Benzine
AUDI,HE1HE1G1Z02RT011A180GAAEM0FSS,Benzine
AUDI,QE1QE1G1Z05RT051B200GAAEM0FLC,Benzine
MERCEDES-BENZ,ZZAM05VA,Benzine
AUDI,HE1HE1G1Z02RT061B210GAAEM0FLC,Benzine
VOLKSWAGEN,PAE2G1Z02SA,Benzine
MERCEDES-BENZ,ZZAA071A,Benzine
AUDI,QE1QE1G1Z02RT51C210GAAEM1,Benzine
AUDI,HE1HE1G1Z01RT021A210GAAEM1O,Benzine
OPEL,ZKZX-B0D000,Benzine
OPEL,ZKXZ-N7700L,Benzine
AUDI,QE1QE1G1Z02RT41C200GAAEM0V,Benzine
OPEL,ZKZX-B0H000,Benzine
MERCEDES-BENZ,3EDE0XX9ZSXX,Benzine
AUDI,QE2QE2G1X01RT021B200GAAEM0FS,Benzine
AUDI,QE2QE2G1X02RT061A200GAAEM0FL,Benzine
OPEL,ZKWZ-Y0J000,Benzine
MERCEDES-BENZ,ZZBCA501,Benzine
MERCEDES-BENZ,3EDE0XX6XXXX,Benzine
MERCEDES-BENZ,2EDE0XX7XXLX,Benzine
VOLKSWAGEN,BPE1MH002NA,Benzine
AUDI,HE1HE1G1Z03RT011A200GAAEM0,Benzine
AUDI,QE1QE1G1Z05RT011B210GAAEM0FSC,Benzine
AUDI,QE1QE1G1Z05RT061B200GAAEM0FLC,Benzine
AUDI,HE1HE1G1Z02RT031A190GAAEM0FSS,Benzine
VW,FA1FA1MD001E0GAON1ML01VR0N,Benzine
AUDI,QE1QE1G1Z03RT011A190GAAEM0,Benzine
AUDI,HE1HE1G1Z02RT031A190GAAEM0FSC,Benzine
AUDI,HE1HE1G1Z02RT061B210GAAEM0FSC,Benzine
AUDI,QE1QE1G1Z02RT51C210GAAEM0,Benzine
MERCEDES-BENZ,3EDF0XX6XXLX,Benzine
AUDI,QE1QE1G1Z01RT11C210GAAEM0,Benzine
VOLKSWAGEN,DAE2G1Z0101ASA,Diesel
AUDI,QE1QE1G1Z03RT021A200GAAEM0,Benzine
AUDI,QE1QE1G1Z03RT011A200GAAEM0O,Benzine
BMW,0AB50700,Benzine
BMW,0AD50800,Benzine
MERCEDES-BENZ,ZZAM05GA,Benzine
VOLKSWAGEN,D0O51BA,Diesel
AUDI,QE1QE1G1Z05RT011A190GAAEM0FLC,Benzine
PORSCHE,2510000,Benzine
OPEL,ZKXZ-P7800L,Benzine
MERCEDES-BENZ,2EDF0XX7XXXX,Benzine
AUDI,QE1QE1G1Z02RT21C210GAAEM0V,Benzine
BMW,0AD5080D,Benzine
VOLKSWAGEN,D041AA,Diesel
AUDI,QE1QE1G1Z01RT31A190GAAEM0U,Benzine
AUDI,QE1QE1G1Z01RT31A190GAAEM0,Benzine
MERCEDES-BENZ,ZZAA05IA,Benzine
MERCEDES-BENZ,2EDE0XX8XXLX,Benzine
AUDI,QE1QE1G1Z01RT11C220GABEM0U,Benzine
MERCEDES-BENZ,ZZAA052A,Benzine
MERCEDES-BENZ,ZZBA050X,Benzine
OPEL,ZKUZ-37A0CA,Benzine
MERCEDES-BENZ,ZZAM052A,Benzine
VOLKSWAGEN,B0O1ASA,Benzine
VOLKSWAGEN,BPE1MH0020M1ASA,Benzine
MERCEDES-BENZ,JA0AV0061000,Benzine
PORSCHE,2410001,Benzine
MERCEDES-BENZ,ZZAM054B,Benzine
VOLKSWAGEN,L3310APE1MP002A65,Benzine
MERCEDES-BENZ,ZZAR052E,Benzine
AUDI,HE1HE1G1Z03RT011A210GAAEM1,Benzine
AUDI,QE1QE1G1Z01RT31A210GAAEM0,Benzine
PORSCHE,1150000,Benzine
VOLKSWAGEN,BPE1MH0020O1BSA,Benzine
AUDI,HE1HE1G1Z01RT011A210GAAEM0,Benzine
MERCEDES-BENZ,ZZAM054A,Benzine
MERCEDES-BENZ,2EDF0XX6XXLX,Benzine
PORSCHE,2410000,Benzine
MERCEDES-BENZ,3EDE0XX6XXLX,Benzine
AUDI,QE2QE2G1X01RT031B200GAAEM0FL,Benzine
AUDI,QE1QE1G1Z02RT61C210GAAEM1,Benzine
MERCEDES-BENZ,ZZBCB502,Benzine
MERCEDES-BENZ,3EDF0XX8XXLX,Benzine
OPEL,ZKUZ-37A0GL,Benzine
VOLKSWAGEN,D0M51BA,Diesel
VOLKSWAGEN,D041BA,Diesel
AUDI,QE1QE1G1Z02RT61C220GAAEM1,Benzine
AUDI,QE1QE1G1Z05RT021B200GAAEM0FLC,Benzine
VOLKSWAGEN,FA1FA1CZ0020GAVR0EVW1B16O,Elektrisch
VOLKSWAGEN,N3000QAE55,Benzine
MERCEDES-BENZ,ZZAM056B,Benzine
MERCEDES-BENZ,2EER0XX8XXXX,Benzine
MERCEDES-BENZ,ZZAA050D,Benzine
AUDI,QE1QE1G1Z03RT021A200GAAEM0M,Benzine
FAW-VOLKSWAGEN,,Benzine
MERCEDES-BENZ,ZZAR050F,Benzine
AUDI,QE2QE2G1X01RT031C210GAAEM0FL,Benzine
AUDI,HE1HE1G1Z03RT021A210GAAEM1,Benzine
AUDI,HE1HE1G1Z02RT011B210GAAEM0FLS,Benzine
OPEL,ZKUZ-37B0GN,Benzine
AUDI,HE1HE1G1Z02RT061B210GAAEM0FSS,Benzine
VOLKSWAGEN,DPE1MH0020O1BSA,Diesel
MERCEDES-BENZ,JA0AT00610B0,Benzine
VOLKSWAGEN,OPE1MH0020M1BLA,Benzine
MERCEDES-BENZ,JA0AY00F30B0,Benzine
VOLKSWAGEN,L3400AAEBG1Z01A75,Benzine
AUDI,HE1HE1G1Z02RT061B200GAAEM0FLC,Benzine
AUDI,QE1QE1G1Z08RT011B210GAAEM0,Benzine
VW,OPE1MH0020M1ALA,Benzine
AUDI,HE1HE1G1Z01RT011B190GAAEM0O,Benzine
VOLKSWAGEN,D0O41AA,Diesel
AUDI,HE1HE1G1Z01RT021A210GAAEM0O,Benzine
AUDI,QE1QE1G1Z01RT31C220GABEM0U,Benzine
MERCEDES-BENZ,ZZAR056A,Benzine
AUDI,QE1QE1G1Z01RT11C210GAAEM0U,Benzine
VOLKSWAGEN,DP51AA,Diesel
MERCEDES-BENZ,ZZAM071A,Benzine
BMW,0AD5000D,Benzine
PORSCHE,2521001,Benzine
VOLKSWAGEN,N3000RPE1MH002A55,Benzine
AUDI,HE1HE1G1Z02RT031A190GAAEM0FLS,Benzine
MERCEDES-BENZ,3EDE0XX8XXLX,Benzine
VOLKSWAGEN,PPE1MP001A,Benzine
OPEL,ZKXZ-C7U000,Benzine
AUDI,QE1QE1G1Z03RT021B190GAAEM0,Benzine
AUDI,QE1QE1G1Z05RT031A190GAAEM0FSC,Benzine
BMW,0AD5A800,Benzine
MERCEDES-BENZ,ZZAM056A,Benzine
AUDI,HE1HE1G1Z02RT031A180GAAEM0FSC,Benzine
AUDI,HE1HE1G1Z02RT011B210GAAEM0FSS,Benzine
FORD-CNG-TECHNIK,5XYEQE,Benzine
VOLKSWAGEN,N3125QAEBG1Z01A55,Benzine
AUDI,QE1QE1G1Z05RT021B200GAAEM0FSC,Benzine
VOLKSWAGEN,A0M51BA,Benzine
AUDI,HE1HE1G1Z02RT061B200GAAEM0FSS,Benzine
AUDI,QE1QE1G1Z05RT011A190GAAEM0FSC,Benzine
VOLKSWAGEN,N3125QPE1MP002A65,Benzine
OPEL,ZKWZ-40V000,Benzine
MERCEDES-BENZ,ZZBCA502,Benzine
BMW,0AW5A000,Benzine
AUDI,QE1QE1G1Z01RT31C210GABEM0,Benzine
VW,FA1FA1MD001E0GAON1ML01VR0N0,Benzine
MERCEDES-BENZ,3EER0XX8XXXX,Benzine
AUDI,QE1QE1G1Z05RT061B210GAAEM0FLC,Benzine
BMW,0AH5000D,Benzine
MERCEDES-BENZ,3EER0XX9XXXX,Benzine
AUDI,QE2QE2G1X02RT051C210GAAEM0FL,Benzine
MERCEDES-BENZ,2EER0XX9XXXX,Benzine
FORD-CNG-TECHNIK,,Benzine
AUDI,QE1QE1G1Z02RT51B200GAAEM1,Benzine
OPEL,ZKXZ-P7U00L,Benzine
AUDI,HE1HE1G1Z02RT011B200GAAEM0FSC,Benzine
MERCEDES-BENZ,ZZBCA50X,Benzine
AUDI,QE2QE2G1X01RT011B190GAAEM0FL,Benzine
VW,DAE1G1Z0101ASA,Diesel
BMW,0AA5000A,Benzine
VOLKSWAGEN,1,Benzine
AUDI,QE1QE1G1Z02RT61C200GAAEM0,Benzine
AUDI,QE1QE1G1Z01RT31C220GAAEM0U,Benzine
AUDI,QE1QE1G1Z02RT21C200GAAEM0V,Benzine
AUDI,QE1QE1G1Z02RT61B200GAAEM0,Benzine
MERCEDES-BENZ,ZZBZ0501,Benzine
VW,FA1FA1CZ003E0GAON1ML01VR0,Benzine
MERCEDES-BENZ,2EDF0XX8XXXX,Benzine
VW,FA1FA1MD001E0GAON1ML1BVR0NA,Benzine
BMW,0AH50900,Benzine
AUDI,QE1QE1G1Z01RT31C220GAAEM1,Benzine
MERCEDES-BENZ,ZZAR052A,Benzine
MERCEDES-BENZ,ZZAA054A,Benzine
VOLKSWAGEN,D051BA,Diesel
OPEL,ZKXZ-C75000,Benzine
OPEL,ZKXZ-N7800N,Benzine
VOLKSWAGEN,N3000DNA1AS55,Benzine
OPEL,ZKXZ-N7800L,Benzine
MERCEDES-BENZ,3EDF0XX6XXXX,Benzine
AUDI,HE1HE1G1Z01RT021B190GAAEM0O,Benzine
AUDI,QE2QE2G1X01RT021B210GAAEM0FS,Benzine
AUDI,QE1QE1G1Z05RT011B200GAAEM0FSC,Benzine
VW,FA1FA1CZ0020GAVR0N1EVW1B16O,Elektrisch
MERCEDES-BENZ,ZZAM05BA,Benzine
MERCEDES-BENZ,ZZAAA70B,Benzine
AUDI,HE1HE1G1Z02RT031A180GAAEM0FSS,Benzine
MERCEDES-BENZ,2EDF0XX8XXLX,Benzine
BMW,0AL5000B,Benzine
AUDI,QE1QE1G1Z05RT061B200GAAEM0FSC,Benzine
MERCEDES-BENZ,ZZAM07AA,Benzine
AUDI,HE1HE1G1Z02RT031A190GAAEM0FLC,Benzine
OPEL,ZKXZ-N7R00L,Benzine
VOLKSWAGEN,DAE1G1Z0101CSA,Diesel
OPEL,ZKXZ-P7U00N,Benzine
VOLKSWAGEN,DPE1MH0020M1BSA,Diesel
MERCEDES-BENZ,ZZAM050D,Benzine
VW,C0O51AA,Benzine
OPEL,ZKWZ-40L000,Benzine
MERCEDES-BENZ,ZZAR054E,Benzine
VW,FA1FA1MD001E0GAON1ML1AVR0NA,Benzine
MERCEDES-BENZ,3EDF0XX7XXXX,Benzine
AUDI,HE1HE1G1Z03RT011A190GAAEM0,Benzine
VW,D0M1ASA,Diesel
VW,FA1FA1CZ0020GAVR0N1EVW1B15O,Elektrisch
MERCEDES-BENZ,2EER0XX7XXXX,Benzine
PORSCHE,,Benzine
OPEL,ZKXZ-M7R00N,Benzine
VW,N3000DNA1AE55,Benzine
AUDI,HE1HE1G1Z02RT011B200GAAEM0FSS,Benzine
MERCEDES-BENZ,ZZAB05VB,Benzine
AUDI,QE1QE1G1Z01RT11C220GABEM1,Benzine
AUDI,QE1QE1G1Z02RT61B200GAAEM1,Benzine
VOLKSWAGEN,N3250QAEBG1Z01A65,Benzine
MERCEDES-BENZ,ZZAL05BA,Benzine
VOLKSWAGEN,D0M41BA,Diesel
MERCEDES-BENZ,3EDE0XX9XXLX,Benzine
VOLKSWAGEN,B0O1BSA,Benzine
VW,FA1FA1MD001E0GAON1ML01VR0,Benzine
MERCEDES-BENZ,3EDF0XX8XXXX,Benzine
FORD-CNG-TECHNIK,5XYC0EQE,Benzine
VOLKSWAGEN,B0M1ASA,Benzine
AUDI,HE1HE1G1Z01RT021B190GAAEM0,Benzine
VW,DAE1G1Z010O1ASA,Diesel
AUDI,QE1QE1G1Z03RT021A190GAAEM0O,Benzine
VW,D0M41AA,Diesel
MERCEDES-BENZ,ZZAM051B,Benzine
AUDI,HE1HE1G1Z03RT011A210GAAEM0,Benzine
VOLKSWAGEN,OPE1MH0020O1BLA,Benzine
MERCEDES-BENZ,ZZAN052E,Benzine
VOLKSWAGEN,OPE1MH00201CSA,Benzine
AUDI,QE1QE1G1Z01RT11B210GAAEM00,Benzine
AUDI,QE1QE1G1Z05RT051B200GAAEM0FSC,Benzine
AUDI,QE1QE1G1Z05RT041B200GAAEM0FLC,Benzine
AUDI,QE2QE2G1X01RT011B190GAAEM0FS,Benzine
AUDI,QE1QE1G1Z05RT031A190GAAEM0FLC,Benzine
MERCEDES-BENZ,ZZAM052C,Benzine
PORSCHE,2510001,Benzine
MERCEDES-BENZ,ZZAL05IA,Benzine
VOLKSWAGEN,B0M1BSA,Benzine
MERCEDES-BENZ,ZZAC054E,Benzine
OPEL,ZKXZ-M7700L,Benzine
OPEL,ZKXZ-M7R00L,Benzine
PORSCHE,2421000,Benzine
OPEL,ZKXZ-N7U00L,Benzine
VOLKSWAGEN/ZIMNY,FA1FA1MD001E0GAON1ML01VR0N,Benzine
MERCEDES-BENZ,ZZAR050E,Benzine
MERCEDES-BENZ,ZZAM05VB,Benzine
OPEL,ZKXZ-L7700L,Benzine
OPEL,ZKXZ-L7700N,Benzine
OPEL,ZKXZ-P7R00L,Benzine
OPEL,ZKXZ-M7700N,Benzine
MERCEDES-BENZ,ZZAL052A,Benzine
MERCEDES-BENZ,ZZAM05WA,Benzine
VOLKSWAGEN,BPE1MH0020M1BSA,Benzine
MERCEDES-BENZ,ZZAAA71B,Benzine
PORSCHE,2420000,Benzine
MERCEDES-BENZ,ZZAR054A,Benzine
MERCEDES-BENZ,ZZAC052A,Benzine
VW,A0M51AA,Benzine
VOLKSWAGEN,DAE1G1Z010M1CSA,Diesel
OPEL,ZKXZ-P7R00N,Benzine
VOLKSWAGEN,981ESSS6EBLEBB,Benzine
AUDI,HE1HE1G1Z01RT011B190GAAEM1O,Benzine
VOLKSWAGEN,OPE1MP00101BSA,Benzine
OPEL,ZKUZ-37B0FN,Benzine
AUDI,HE1HE1G1Z01RT011C210GAAEM1M,Benzine
VOLKSWAGEN,D0O41BA,Diesel
MERCEDES-BENZ,ZZAA052C,Benzine
MERCEDES-BENZ,2EDF0XX6XXXX,Benzine
AUDI,HE1HE1G1Z03RT021A200GAAEM0,Benzine
VOLKSWAGEN,LNFD7FD7BT00116NVR24BF2A9111GH,Benzine
MERCEDES-BENZ,ZZBZ050X,Benzine
MERCEDES-BENZ,ZZAC052E,Benzine
VW,FA1FA1CZ0020GAVR0N1EVW63,Elektrisch
AUDI,QE1QE1G1Z03RT021C210GAAEM0,Benzine
MERCEDES-BENZ,2EDE0XX8ZSXX,Benzine
VOLKSWAGEN,L3310AAEBG1Z01A55,Benzine
BMW,01,Benzine
VW,DPE1MH0020M1ASA,Diesel
OPEL,ZKUZ-37A0CB,Benzine
AUDI,HE1HE1G1Z01RT011B190GAAEM1,Benzine
VOLKSWAGEN,891ESSS2EBK4AB,Benzine
VW,DAE1G1Z010M1ASA,Diesel
MERCEDES-BENZ,MFB2MVA9,Benzine
AUDI,QE1QE1G1Z02RT21C210GAAEM0Y,Benzine
MERCEDES-BENZ,ZZAM040A,Benzine
VOLKSWAGEN,QPE1MP0010A,Benzine
MERCEDES-BENZ,2EDE0XX7ZSXX,Benzine
VOLKSWAGEN,AGFD5850041N0H0GR,Benzine
VW,FA1FA1MD001E0GAON1ML02VR0N0,Benzine
AUDI,QE1QE1G1Z01RT31C220GABEM1,Benzine
MERCEDES-BENZ,ZZAL054B,Benzine
MERCEDES-BENZ,ZZAR056F,Benzine
AUDI,QE1QE1G1Z01RT31B200GAAEM00,Benzine
AUDI,QE1QE1G1Z02RT51C220GAAEM00,Benzine
AUDI,QE1QE1G1Z01RT11A210GAAEM00,Benzine
AUDI,QE1QE1G1Z01RT11A190GAAEM00,Benzine
VOLKSWAGEN,N3000DNA1BS55,Benzine
AUDI,QE1QE1G1Z02RT51C210GAAEM00,Benzine
MERCEDES-BENZ,ZZAA051C,Benzine
MERCEDES-BENZ,ZZAR052F,Benzine
AUDI,QE1QE1G1Z01RT31A210GAAEM00,Benzine
VW,OPE1MH00201ASA,Benzine
OPEL,ZKXZ-A75000,Benzine
AUDI,QE1QE1G1Z02RT61C210GAAEM00,Benzine
AUDI,QE1QE1G1Z02RT51B200GAAEM00,Benzine
AUDI,QE1QE1G1Z01RT11B210GABEM00,Benzine
BMW,0AH5A00D,Benzine
VW,C0M51AA,Benzine
MERCEDES-BENZ,ZZAN050B,Benzine
MERCEDES-BENZ,ZZAB05VA,Benzine
AUDI,HE1HE1G1Z03RT021A190GAAEM0,Benzine
OPEL,ZKZZ-B0H000,Benzine
AUDI,HE1HE1G1Z01RT021C210GAAEM0,Benzine
VOLKSWAGEN,QAE2G1Z02SA,Benzine
MERCEDES-BENZ,ZZAM05EA,Benzine
PORSCHE,2221000,Benzine
AUDI,HE1HE1G1Z03RT021A210GAAEM0,Benzine
MERCEDES-BENZ,ZZAL052B,Benzine
OPEL,ZKXZ-N7U00N,Benzine
AUDI,HE1HE1G1Z02RT011A180GAAEM0FLS,Benzine
AUDI,HE1HE1G1Z01RT021A210GAAEM0M,Benzine
OPEL,ZKXZ-D7Y000,Benzine
AUDI,QE1QE1G1Z05RT011A180GAAEM0FSC,Benzine
MERCEDES-BENZ,ZZAA054C,Benzine
AUDI,HE1HE1G1Z01RT021B190GAAEM0M,Benzine
MERCEDES-BENZ,ZZAM071B,Benzine
AUDI,QE1QE1G1Z08RT021C210GAAEM0,Benzine
AUDI,QE1QE1G1Z05RT011A180GAAEM0FLC,Benzine
MERCEDES-BENZ,ZZAN054A,Benzine
VW,OPE1MP00101ASA,Benzine
AUDI,HE1HE1G1Z02RT011B200GAAEM0FLC,Benzine
AUDI,QE2QE2G1X02RT051B210GAAEM0FL,Benzine
MERCEDES-BENZ,ZZAN052A,Benzine
AUDI,QE2QE2G1X02RT061A210GAAEM0FL,Benzine
OPEL,ZKUZ-37A0EB,Benzine
VOLKSWAGEN,991ESSS2EBK4AB,Benzine
AUDI,QE1QE1G1Z01RT71C180GAAEM01,Benzine
MERCEDES-BENZ,ZZAC054A,Benzine
OPEL,ZKUZ-37A0FL,Benzine
MERCEDES-BENZ,ZZAR050A,Benzine
VOLKSWAGEN,FA1FA1CZ0020GAVR0N1EVW1B150,Elektrisch
OPEL,ZKXZ-N7700N,Benzine
AUDI,QE1QE1G1Z08RT011B190GAAEM0,Benzine
AUDI,QE1QE1G1Z01RT31C220GABEM00,Benzine
VOLKSWAGEN,L3340AAE75,Benzine
MERCEDES-BENZ,ZZAN050A,Benzine
MERCEDES-BENZ,JA0AY00720B0,Benzine
AUDI,QE1QE1G1Z08RT021B210GAAEM0,Benzine
VW,FA1FA1CZ0020GAVR0N1EVW1B14O,Elektrisch
AUDI,QE1QE1G1Z02RT41C210GAAEM0Y,Benzine
AUDI,QE1QE1G1Z03RT021A200GAAEM0O,Benzine
PORSCHE,2420001,Benzine
AUDI,HE1HE1G1Z01RT021C210GAAEM1M,Benzine
OPEL,ZKXZ-L7R00L,Benzine
VW,OPE1MH0020M1ASA,Benzine
VOLKSWAGEN,LNFD7FD7BT00116NVR24BF2C91B2GV,Benzine
VW,,Benzine
VW,OPE1MH0020O1ASA,Benzine
OPEL,ZKXZ-N7R00K,Benzine
MERCEDES-BENZ,2EDE0XX9XXLX,Benzine
MERCEDES-BENZ,ZZAL05VA,Benzine
OPEL,ZKXZ-N7R00N,Benzine
MERCEDES-BENZ,ZZAM054C,Benzine
MERCEDES-BENZ,ZZAM056C,Benzine
VOLKSWAGEN,OPE1MH0020M1CSA,Benzine
VW,FA1FA1CZ0020GAVR0N1EVW1BO,Elektrisch
MERCEDES-BENZ,ZZAC052F,Benzine
VOLKSWAGEN,FA1FA1CZ003E0GAON1ML02VR0,Benzine
AUDI,QE2QE2G1X02RT071A200GAAEM0FL,Benzine
BMW,0AL50900,Benzine
OPEL,ZKXZ-P7700N,Benzine
AUDI,QE1QE1G1Z02RT51C200GAAEM0,Benzine
AUDI,QE1QE1G1Z03RT011B190GAAEM0,Benzine
AUDI,QE1QE1G1Z03RT021C210GAAEM0M,Benzine
MERCEDES-BENZ,ZZAR054F,Benzine
MERCEDES-BENZ,ZZAR057A,Benzine
VW,BPE1MH00201ANA,Benzine
AUDI,HE1HE1G1Z01RT011B190GAAEM1M,Benzine
MERCEDES-BENZ,ZZAA05LA,Benzine
MERCEDES-BENZ,ZZAM05WB,Benzine
AUDI,QE2QE2G1X02RT051A200GAAEM0FL,Benzine
VOLKSWAGEN,L3125AAE55,Benzine
AUDI,QE2QE2G1X02RT041A200GAAEM0FL,Benzine
AUDI,HE1HE1G1Z01RT021A010GAAEM1O,Benzine
VW,FA1FA1CZ0020GAVR0N1EVW1B,Elektrisch
BMW,0AB5080D,Benzine
